{"cameraMode":{"drawMode":0,"name":"Shaded","section":"Shading Mode"},"sceneLighting":true,"audioPlay":false,"sceneViewState":{"showFog":true,"showMaterialUpdate":false,"showSkybox":true,"showFlares":true,"showImageEffects":true,"showParticleSystems":true},"in2DMode":false,"pivot":{"x":495.4512023925781,"y":294.927978515625,"z":16.669921875},"rotation":{"x":0.012897174805402756,"y":0.004499536938965321,"z":-0.000058036141126649454,"w":0.9999075531959534},"size":240.33889770507813,"orthographic":false}