{"cameraMode":{"drawMode":0,"name":"Shaded","section":"Shading Mode"},"sceneLighting":false,"audioPlay":false,"sceneViewState":{"showFog":true,"showMaterialUpdate":false,"showSkybox":false,"showFlares":true,"showImageEffects":true,"showParticleSystems":true},"in2DMode":false,"pivot":{"x":-1.291455864906311,"y":-4.702818393707275,"z":4.401489734649658},"rotation":{"x":-0.29325801134109499,"y":0.6500250101089478,"z":-0.301132470369339,"w":-0.6330965161323547},"size":12.178146362304688,"orthographic":false}