{"cameraMode":{"drawMode":0,"name":"Shaded","section":"Shading Mode"},"sceneLighting":true,"audioPlay":false,"sceneViewState":{"showFog":true,"showMaterialUpdate":false,"showSkybox":true,"showFlares":true,"showImageEffects":true,"showParticleSystems":true},"in2DMode":false,"pivot":{"x":7116.453125,"y":4213.806640625,"z":-2540.999267578125},"rotation":{"x":0.9198142886161804,"y":0.07739988714456558,"z":0.3066288232803345,"w":-0.23310187458992005},"size":4554.2353515625,"orthographic":false}