{"cameraMode":{"drawMode":0,"name":"Shaded","section":"Shading Mode"},"sceneLighting":true,"audioPlay":false,"sceneViewState":{"showFog":true,"showMaterialUpdate":false,"showSkybox":true,"showFlares":true,"showImageEffects":true,"showParticleSystems":true},"in2DMode":false,"pivot":{"x":25.33130645751953,"y":-10.407093048095704,"z":7.909466743469238},"rotation":{"x":-0.31620147824287417,"y":-0.5608791708946228,"z":0.24470986425876618,"w":-0.7250293493270874},"size":69.65644836425781,"orthographic":false}