{"cameraMode":{"drawMode":0,"name":"Shaded","section":"Shading Mode"},"sceneLighting":false,"audioPlay":false,"sceneViewState":{"showFog":true,"showMaterialUpdate":false,"showSkybox":true,"showFlares":true,"showImageEffects":true,"showParticleSystems":true},"in2DMode":false,"pivot":{"x":15.301982879638672,"y":-2.4048871994018556,"z":3.5333950519561769},"rotation":{"x":-0.2084774374961853,"y":-0.6990134716033936,"z":0.2257274091243744,"w":-0.6458044052124023},"size":26.16254997253418,"orthographic":false}